76/7892,45/7115,2
76/7892,89/5932,26
76/7892,82/3556,4
76/7892,k/StefanosKaxiras,4
76/7892,18/1402,4
45/7115,z/MMZahran,4
45/7115,t/JosepTorrellas,12
45/7115,87/5080-1,10
45/7115,89/5932,2
z/MMZahran,21/4612,2
z/MMZahran,f/ManojFranklin,10
z/MMZahran,77/1117,2
z/MMZahran,35/1464,2
t/JosepTorrellas,89/5932,14
t/JosepTorrellas,01/1282,2
t/JosepTorrellas,11/2624,12
t/JosepTorrellas,78/3196,4
t/JosepTorrellas,77/5087,4
t/JosepTorrellas,h/MarkDHill,4
t/JosepTorrellas,25/8166,44
t/JosepTorrellas,97/4181,2
t/JosepTorrellas,18/1402,18
t/JosepTorrellas,k/DavidRKaeli,2
t/JosepTorrellas,85/6323,26
t/JosepTorrellas,27/3820,2
t/JosepTorrellas,137/0590,30
t/JosepTorrellas,42/5189,10
t/JosepTorrellas,m/SAMahlke,2
t/JosepTorrellas,191/7793-1,32
t/JosepTorrellas,04/3074,10
t/JosepTorrellas,87/4706,2
t/JosepTorrellas,77/4185,20
t/JosepTorrellas,15/3991,12
t/JosepTorrellas,99/2747-1,10
t/JosepTorrellas,73/3514,4
87/5080-1,d/ChitaRDas,22
87/5080-1,v/NarayananVijaykrishnan,4
87/5080-1,18/4038,2
87/5080-1,10/2904,2
89/5932,82/3556,4
89/5932,k/StefanosKaxiras,4
89/5932,97/4181,2
89/5932,18/1402,20
89/5932,60/6934,2
89/5932,191/7793-1,2
89/5932,04/3074,2
89/5932,207/1837,2
12/6041,78/4478,10
12/6041,11/2624,6
12/6041,63/10720,8
12/6041,03/2782,10
12/6041,50/2421,2
12/6041,17/9796,8
12/6041,21/7641,2
12/6041,h/MarkDHill,16
12/6041,79/413,6
12/6041,147/0999,2
12/6041,j/LizyKurianJohn,2
12/6041,138/4166,2
12/6041,123/2646,2
12/6041,34/3071,2
78/4478,01/1282,4
78/4478,11/2624,2
78/4478,63/10720,4
78/4478,n/ThuDNguyen,2
78/4478,56/9613,14
78/4478,03/2782,12
78/4478,50/2421,10
78/4478,m/MarthaMercaldi,2
78/4478,82/9936,8
78/4478,97/11028,2
78/4478,99/6904,2
78/4478,17/9796,8
78/4478,117/3197,2
78/4478,21/7641,18
78/4478,85/2722,6
01/1282,63/10720,2
01/1282,56/9613,6
01/1282,85/2722,8
01/1282,12/6848,8
01/1282,01/9032,4
01/1282,k/StephenWKeckler,4
01/1282,178/3217,10
01/1282,31/11029,6
01/1282,h/MarkDHill,6
01/1282,97/4181,2
01/1282,18/2863,2
01/1282,83/1613,28
01/1282,22/858,2
01/1282,k/DavidRKaeli,2
01/1282,27/3820,10
01/1282,m/TrevorNMudge,8
01/1282,46/4377,14
01/1282,41/1231,10
01/1282,33/3960,14
01/1282,h/NikolaosHardavellas,8
01/1282,35/1464,6
01/1282,m/SAMahlke,8
01/1282,04/2187,8
01/1282,138/4146,18
01/1282,20/9131,8
01/1282,127/9035,6
11/2624,63/10720,2
11/2624,03/2782,4
11/2624,21/7641,2
11/2624,i/RaviRIyer,32
11/2624,20/6518,4
11/2624,h/HenryHoffmann,2
11/2624,147/0999,20
11/2624,91/3111,22
11/2624,85/6323,22
11/2624,k/ChristoforosEKozyrakis,2
11/2624,76/9083,14
11/2624,85/2308,4
11/2624,36/4172,20
11/2624,77/4185,24
63/10720,03/2782,8
63/10720,50/2421,4
63/10720,117/3197,2
63/10720,12/6848,6
63/10720,k/StephenWKeckler,2
63/10720,79/413,26
63/10720,83/1613,8
63/10720,67/1051,2
63/10720,j/LizyKurianJohn,6
63/10720,06/5295,2
63/10720,l/JamesRLarus,20
63/10720,138/4166,2
63/10720,m/TrevorNMudge,24
63/10720,86/2160,2
63/10720,46/353,4
63/10720,87/5027,2
63/10720,p/YaleNPatt,2
63/10720,68/1138,2
n/ThuDNguyen,85/2722,72
56/9613,50/2421,2
56/9613,99/6904,8
56/9613,11/5956,6
56/9613,22/3969,24
56/9613,00/5672,6
56/9613,162/9999,16
56/9613,h/NikolaosHardavellas,2
03/2782,97/11028,2
03/2782,117/3197,22
03/2782,21/7641,2
03/2782,61/5482,14
03/2782,d/ChitaRDas,10
03/2782,64/11467,8
03/2782,x/YuanXie,22
03/2782,01/9032,4
03/2782,66/10956,2
03/2782,m/OnurMutlu,20
03/2782,94/7357,4
03/2782,322/1476,8
03/2782,20/6518,2
03/2782,h/MarkDHill,4
03/2782,25/10955,6
03/2782,87/5743,6
03/2782,79/413,6
03/2782,23/3778,2
03/2782,79/2191,4
03/2782,147/0999,2
03/2782,85/6323,2
03/2782,67/1051,6
03/2782,60/6934,2
03/2782,t/DeanMTullsen,2
03/2782,199/7171,4
03/2782,168/5992,14
03/2782,46/353,6
03/2782,87/5027,4
03/2782,41/1231,6
03/2782,10/2386,2
03/2782,66/8314,4
03/2782,68/1138,4
03/2782,207/1837,2
03/2782,10/10980,6
03/2782,77/4185,2
03/2782,56/9122,2
50/2421,99/6904,2
50/2421,17/9796,2
50/2421,117/3197,2
50/2421,21/7641,2
50/2421,27/9796,2
50/2421,157/2774,12
50/2421,61/5482,12
50/2421,36/1380,8
50/2421,h/MarkDHill,2
50/2421,87/5743,20
50/2421,95/2048,4
50/2421,79/413,6
50/2421,88/2610,2
50/2421,44/8745,4
50/2421,129/7647,14
50/2421,79/2191,2
50/2421,11/5956,32
50/2421,22/3969,38
50/2421,203/0006,68
50/2421,73/7116,4
50/2421,00/5672,2
50/2421,138/4166,2
50/2421,123/2646,2
50/2421,199/7171,10
50/2421,193/7332,10
50/2421,62/1131,2
50/2421,18/4038,14
50/2421,46/4377,2
50/2421,86/2160,38
50/2421,306/3466,4
50/2421,87/9432,4
50/2421,33/3960,2
50/2421,34/5178,2
50/2421,173/9798,2
m/MarthaMercaldi,21/7641,2
m/MarthaMercaldi,12/6848,2
m/MarthaMercaldi,85/5822,10
m/MarthaMercaldi,133/9941,2
m/MarthaMercaldi,a/ToddMAustin,4
m/MarthaMercaldi,23/3943,12
82/9936,17/9796,2
82/9936,60/6934,4
97/11028,25/4161,4
97/11028,72/4861,4
97/11028,61/5482,4
97/11028,38/1130,2
97/11028,78/50,4
97/11028,46/4377,8
99/6904,157/2774,2
99/6904,61/5482,2
99/6904,x/YuanXie,2
99/6904,i/RaviRIyer,8
99/6904,k/StephenWKeckler,6
99/6904,20/6518,2
99/6904,25/8166,6
99/6904,35/5292,2
99/6904,37/10441,8
99/6904,11/5956,6
99/6904,60/6934,18
99/6904,f/ManojFranklin,2
99/6904,22/3969,12
99/6904,00/5672,16
99/6904,e/LievenEeckhout,14
99/6904,26/9655,6
99/6904,77/1117,2
99/6904,18/6801,2
99/6904,94/4067,16
99/6904,y/DonaldYeung,2
99/6904,11/2192,2
99/6904,86/2654,6
99/6904,66/8314,2
99/6904,p/YaleNPatt,4
99/6904,p/DmitryVPonomarev,6
99/6904,99/4678,4
17/9796,27/9796,2
17/9796,64/11467,4
17/9796,m/OnurMutlu,12
17/9796,94/7357,10
17/9796,h/MarkDHill,16
17/9796,138/4166,2
17/9796,123/2646,2
17/9796,62/1131,2
17/9796,34/5178,2
17/9796,173/9798,2
17/9796,87/6036,4
17/9796,18/9796,4
17/9796,138/4146,4
117/3197,61/5482,4
117/3197,64/11467,4
117/3197,m/OnurMutlu,2
117/3197,87/5743,4
117/3197,79/413,4
117/3197,67/1051,2
117/3197,j/LizyKurianJohn,2
117/3197,t/DeanMTullsen,2
117/3197,199/7171,4
117/3197,46/353,8
117/3197,87/5027,8
117/3197,68/1138,2
117/3197,207/1837,2
117/3197,10/10980,2
21/7641,85/2722,6
85/2722,h/MarkDHill,6
85/2722,184/8246,6
85/2722,85/6323,2
85/2722,y/DonaldYeung,4
85/2722,k/ChristoforosEKozyrakis,10
85/2722,69/9942,2
85/2722,36/4172,2
85/2722,99/2747-1,2
00/809,25/4161,10
00/809,m/OnurMutlu,8
00/809,k/StephenWKeckler,2
00/809,44/8745,58
00/809,22/858,10
00/809,115/5952,34
00/809,161/0102-1,26
00/809,18/1402,26
00/809,06/5295,6
00/809,85/5822,8
00/809,29/3950,6
00/809,l/JamesRLarus,6
00/809,203/0006,2
00/809,t/DeanMTullsen,8
00/809,64/1248,6
25/4161,27/9796,2
25/4161,72/4861,6
25/4161,12/6848,2
25/4161,157/2774,2
25/4161,61/5482,8
27/9796,12/6848,2
27/9796,79/413,10
27/9796,97/4181,26
27/9796,22/858,2
27/9796,138/4166,4
27/9796,123/2646,2
27/9796,a/TorMAamodt,6
27/9796,62/1131,2
27/9796,34/5178,2
27/9796,173/9798,2
72/4861,61/5482,6
72/4861,59/2715,16
12/6848,01/9032,4
12/6848,m/OnurMutlu,4
12/6848,94/7357,2
12/6848,65/1026,2
12/6848,138/4187,2
12/6848,89/5432,12
12/6848,h/MarkDHill,2
12/6848,95/2048,6
12/6848,97/4181,24
12/6848,70/8398,6
12/6848,30/135,4
12/6848,21/5583,4
12/6848,83/1613,2
12/6848,44/8745,2
12/6848,67/1051,2
12/6848,99/4818,2
12/6848,133/9941,2
12/6848,t/DeanMTullsen,8
12/6848,26/9655,2
12/6848,77/1117,4
12/6848,m/TrevorNMudge,8
12/6848,78/50,2
12/6848,87/5027,2
12/6848,k/ChristoforosEKozyrakis,26
12/6848,a/KrsteAsanovic,6
12/6848,j/NormanPJouppi,28
12/6848,a/JungHoAhn,4
12/6848,138/4146,2
12/6848,06/6147-2,2
12/6848,198/6426,2
12/6848,20/9131,2
157/2774,61/5482,38
157/2774,173/9808,4
157/2774,79/2191,2
157/2774,08/6044,4
157/2774,18/4038,10
61/5482,20/6518,2
61/5482,79/2191,2
61/5482,a/TorMAamodt,20
61/5482,e/LievenEeckhout,2
61/5482,18/4038,10
61/5482,86/2160,14
61/5482,38/7914,2
d/ChitaRDas,64/11467,36
d/ChitaRDas,x/YuanXie,14
d/ChitaRDas,i/RaviRIyer,48
d/ChitaRDas,163/0027,4
d/ChitaRDas,v/NarayananVijaykrishnan,52
d/ChitaRDas,66/10956,14
d/ChitaRDas,72/3356,82
d/ChitaRDas,m/OnurMutlu,30
d/ChitaRDas,k/StephenWKeckler,4
d/ChitaRDas,94/7357,6
d/ChitaRDas,40/231,8
d/ChitaRDas,05/6204,2
d/ChitaRDas,21/4612,2
d/ChitaRDas,133/9875,2
d/ChitaRDas,k/DavidRKaeli,4
d/ChitaRDas,115/6279,12
d/ChitaRDas,99/4818,2
d/ChitaRDas,06/5295,2
d/ChitaRDas,59/2715,2
d/ChitaRDas,11/2192,2
d/ChitaRDas,41/1231,24
64/11467,x/YuanXie,2
64/11467,01/9032,8
64/11467,i/RaviRIyer,16
64/11467,163/0027,8
64/11467,v/NarayananVijaykrishnan,2
64/11467,66/10956,12
64/11467,72/3356,4
64/11467,m/OnurMutlu,24
64/11467,k/StephenWKeckler,4
64/11467,94/7357,10
x/YuanXie,i/RaviRIyer,4
x/YuanXie,v/NarayananVijaykrishnan,154
x/YuanXie,72/3356,2
x/YuanXie,m/OnurMutlu,2
x/YuanXie,k/StephenWKeckler,2
x/YuanXie,20/6518,2
x/YuanXie,77/5087,4
x/YuanXie,127/9591,142
x/YuanXie,146/9595,4
x/YuanXie,23/3778,6
x/YuanXie,67/1051,2
x/YuanXie,99/4818,4
x/YuanXie,02/8105,2
x/YuanXie,c/JasonCong,6
x/YuanXie,44/11216,10
x/YuanXie,11/2192,30
x/YuanXie,41/1231,6
x/YuanXie,52/10063,2
x/YuanXie,j/NormanPJouppi,36
x/YuanXie,a/JungHoAhn,8
x/YuanXie,181/2820-73,4
x/YuanXie,66/8314,64
x/YuanXie,46/2933-1,2
x/YuanXie,80/1641,22
x/YuanXie,49/6002,2
x/YuanXie,28/273,2
01/9032,163/0027,24
01/9032,m/OnurMutlu,96
01/9032,94/7357,52
01/9032,77/5087,20
01/9032,159/0073,4
01/9032,60/6934,4
01/9032,a/KrsteAsanovic,4
01/9032,99/769,20
01/9032,66/8314,8
01/9032,s/TajanaSimunic,4
01/9032,10/10980,16
01/9032,138/4146,20
i/RaviRIyer,v/NarayananVijaykrishnan,26
i/RaviRIyer,72/3356,12
i/RaviRIyer,m/OnurMutlu,12
i/RaviRIyer,40/231,8
i/RaviRIyer,20/6518,20
i/RaviRIyer,35/5292,8
i/RaviRIyer,t/DeanMTullsen,8
i/RaviRIyer,86/2160,8
i/RaviRIyer,k/ChristoforosEKozyrakis,4
i/RaviRIyer,41/1231,44
i/RaviRIyer,a/KrsteAsanovic,4
i/RaviRIyer,s/TajanaSimunic,4
i/RaviRIyer,165/4503,4
163/0027,m/OnurMutlu,72
163/0027,k/StephenWKeckler,4
163/0027,94/7357,20
v/NarayananVijaykrishnan,72/3356,58
v/NarayananVijaykrishnan,m/OnurMutlu,2
v/NarayananVijaykrishnan,36/1380,4
v/NarayananVijaykrishnan,40/231,8
v/NarayananVijaykrishnan,18/1402,2
v/NarayananVijaykrishnan,67/1051,10
v/NarayananVijaykrishnan,j/LizyKurianJohn,20
v/NarayananVijaykrishnan,a/ToddMAustin,2
v/NarayananVijaykrishnan,m/TrevorNMudge,2
v/NarayananVijaykrishnan,59/2715,2
v/NarayananVijaykrishnan,11/2192,140
v/NarayananVijaykrishnan,41/1231,14
v/NarayananVijaykrishnan,20/4601,2
v/NarayananVijaykrishnan,66/8314,2
v/NarayananVijaykrishnan,s/TajanaSimunic,2
v/NarayananVijaykrishnan,80/1641,6
66/10956,72/3356,2
66/10956,m/OnurMutlu,4
66/10956,79/413,2
66/10956,159/0037,2
66/10956,115/6279,8
66/10956,11/2192,2
66/10956,y/JunYang2,8
72/3356,m/OnurMutlu,4
72/3356,40/231,20
72/3356,05/6204,2
72/3356,115/6279,4
72/3356,67/1051,30
72/3356,11/5956,6
72/3356,j/LizyKurianJohn,12
72/3356,272/8776,2
72/3356,99/4818,2
m/OnurMutlu,k/StephenWKeckler,16
m/OnurMutlu,94/7357,222
m/OnurMutlu,322/1476,2
m/OnurMutlu,36/1380,18
m/OnurMutlu,77/5087,18
m/OnurMutlu,87/5743,46
m/OnurMutlu,95/2048,4
m/OnurMutlu,159/0073,6
m/OnurMutlu,62/201,4
m/OnurMutlu,44/8745,8
m/OnurMutlu,115/5952,2
m/OnurMutlu,38/1130,10
m/OnurMutlu,60/6934,14
m/OnurMutlu,01/1397,4
m/OnurMutlu,91/1557,2
m/OnurMutlu,a/ToddMAustin,6
m/OnurMutlu,33/65,2
m/OnurMutlu,78/50,10
m/OnurMutlu,87/5027,2
m/OnurMutlu,18/6801,6
m/OnurMutlu,41/1231,16
m/OnurMutlu,14/3973,4
m/OnurMutlu,j/NormanPJouppi,4
m/OnurMutlu,33/3960,2
m/OnurMutlu,49/5144,28
m/OnurMutlu,36/3251,2
m/OnurMutlu,181/2820-73,8
m/OnurMutlu,y/JunYang2,4
m/OnurMutlu,66/8314,6
m/OnurMutlu,p/YaleNPatt,96
m/OnurMutlu,m/SAMahlke,2
m/OnurMutlu,i/EnginIpek,8
m/OnurMutlu,36/4172,18
m/OnurMutlu,80/1641,2
m/OnurMutlu,68/1138,2
m/OnurMutlu,10/10980,46
m/OnurMutlu,04/7001,2
m/OnurMutlu,138/4146,8
m/OnurMutlu,08/6937,2
k/StephenWKeckler,65/1026,8
k/StephenWKeckler,322/1476,2
k/StephenWKeckler,25/8166,6
k/StephenWKeckler,95/2048,8
k/StephenWKeckler,184/8246,4
k/StephenWKeckler,97/4181,4
k/StephenWKeckler,88/2610,4
k/StephenWKeckler,22/858,20
k/StephenWKeckler,11/5956,6
k/StephenWKeckler,j/LizyKurianJohn,2
k/StephenWKeckler,85/5822,2
k/StephenWKeckler,133/9941,20
k/StephenWKeckler,02/8105,16
k/StephenWKeckler,22/3969,2
k/StephenWKeckler,00/5672,6
k/StephenWKeckler,t/DeanMTullsen,2
k/StephenWKeckler,a/ToddMAustin,2
k/StephenWKeckler,78/50,16
k/StephenWKeckler,18/4038,12
k/StephenWKeckler,04/9508,2
k/StephenWKeckler,86/2160,4
k/StephenWKeckler,a/KrsteAsanovic,4
k/StephenWKeckler,52/10063,30
k/StephenWKeckler,j/NormanPJouppi,2
k/StephenWKeckler,66/8314,4
k/StephenWKeckler,46/652,20
k/StephenWKeckler,83/5240,14
k/StephenWKeckler,20/9131,6
94/7357,36/1380,8
94/7357,159/0073,4
94/7357,60/6934,4
94/7357,18/6801,6
94/7357,i/EnginIpek,2
94/7357,10/10980,10
94/7357,138/4146,2
65/1026,138/4187,22
65/1026,35/6413,6
65/1026,322/1476,8
65/1026,j/LizyKurianJohn,2
65/1026,33/65,4
138/4187,35/6413,6
35/6413,322/1476,2
35/6413,89/5432,2
35/6413,31/11029,2
35/6413,95/2048,2
35/6413,j/LizyKurianJohn,10
35/6413,06/5295,14
35/6413,49/5144,2
35/6413,134/8720,8
322/1476,178/3217,2
322/1476,36/1380,2
322/1476,40/231,2
322/1476,78/3196,4
322/1476,89/5432,4
322/1476,31/11029,4
322/1476,77/5087,4
322/1476,79/413,2
322/1476,89/6105,4
322/1476,78/50,6
322/1476,18/4038,24
322/1476,178/3219,16
322/1476,86/2654,2
178/3217,36/1380,4
178/3217,40/231,4
178/3217,78/3196,8
178/3217,89/5432,8
178/3217,31/11029,8
36/1380,40/231,10
36/1380,78/3196,2
36/1380,89/5432,6
36/1380,31/11029,6
36/1380,20/6518,2
36/1380,77/5087,2
36/1380,87/5743,8
36/1380,34/3071,12
36/1380,76/11029,2
36/1380,91/1557,2
36/1380,11/2192,2
36/1380,10/10980,8
40/231,78/3196,2
40/231,89/5432,6
40/231,31/11029,6
40/231,11/5956,2
40/231,73/4692,4
40/231,10/2386,4
78/3196,89/5432,10
78/3196,31/11029,18
78/3196,08/6044,4
78/3196,73/4692,2
78/3196,t/DeanMTullsen,2
78/3196,27/3820,12
78/3196,11/2192,2
78/3196,86/2654,4
78/3196,39/2917,2
78/3196,35/1464,2
78/3196,15/3991,4
89/5432,31/11029,18
89/5432,k/ChristoforosEKozyrakis,18
89/5432,66/8314,2
31/11029,83/1613,6
31/11029,a/ToddMAustin,10
31/11029,33/65,10
31/11029,27/3820,2
20/6518,77/5087,2
20/6518,35/5292,2
20/6518,97/4181,2
20/6518,18/2863,14
20/6518,05/6204,10
20/6518,62/1421,18
20/6518,21/4612,2
20/6518,99/4818,2
20/6518,33/65,8
20/6518,78/50,2
20/6518,j/NormanPJouppi,14
20/6518,10/2904,2
20/6518,91/4347,6
77/5087,h/MarkDHill,6
77/5087,25/8166,4
77/5087,27/2064,6
77/5087,25/10955,2
77/5087,35/5292,12
77/5087,87/5743,2
77/5087,95/2048,4
77/5087,127/9591,2
77/5087,184/8246,4
77/5087,79/413,2
h/MarkDHill,27/2064,34
h/MarkDHill,79/413,12
h/MarkDHill,97/4181,18
h/MarkDHill,88/2610,6
h/MarkDHill,22/858,4
h/MarkDHill,k/DavidRKaeli,2
h/MarkDHill,04/3696,4
h/MarkDHill,06/5295,4
h/MarkDHill,l/JamesRLarus,34
h/MarkDHill,138/4166,14
h/MarkDHill,91/1557,8
h/MarkDHill,p/YaleNPatt,2
h/MarkDHill,173/9798,8
h/MarkDHill,46/652,2
h/MarkDHill,99/2747-1,2
25/8166,97/4181,10
25/8166,11/5956,4
25/8166,60/6934,2
25/8166,133/9941,2
25/8166,22/3969,14
25/8166,73/7116,2
25/8166,00/5672,8
25/8166,09/5657,2
25/8166,162/9999,2
25/8166,137/0590,28
25/8166,14/3973,56
25/8166,52/10063,2
27/2064,35/5292,4
27/2064,79/413,2
27/2064,97/4181,4
27/2064,18/2863,2
27/2064,21/4612,4
27/2064,330/5064,4
27/2064,145/9497,8
27/2064,79/1691,2
25/10955,87/5743,28
25/10955,60/6934,2
25/10955,06/5295,4
25/10955,199/7171,8
25/10955,134/8720,2
25/10955,68/1138,2
35/5292,06/5295,4
35/5292,01/1397,2
35/5292,168/5992,2
35/5292,94/4067,8
35/5292,k/ChristoforosEKozyrakis,4
35/5292,a/KrsteAsanovic,4
35/5292,33/3960,12
35/5292,y/JunYang2,2
87/5743,88/2610,2
87/5743,115/6279,2
87/5743,60/6934,4
87/5743,199/7171,82
87/5743,193/7332,42
87/5743,168/5992,4
87/5743,49/5144,16
87/5743,134/8720,24
87/5743,p/YaleNPatt,46
87/5743,68/1138,2
95/2048,184/8246,14
95/2048,97/4181,2
95/2048,131/5131,2
95/2048,21/4612,2
95/2048,60/6934,4
95/2048,02/8105,12
95/2048,89/6105,4
95/2048,86/2160,4
95/2048,j/NormanPJouppi,4
95/2048,a/JungHoAhn,28
95/2048,71/5735,2
127/9591,146/9595,6
127/9591,23/3778,6
127/9591,44/11216,6
127/9591,36/4172,22
79/413,67/1051,4
79/413,138/4166,2
79/413,04/9508,4
79/413,86/2160,2
79/413,46/353,6
79/413,87/5027,2
82/3556,37/10441,8
82/3556,147/1005,4
82/3556,118/8964,2
82/3556,k/StefanosKaxiras,80
82/3556,66/10033,30
37/10441,147/1005,4
37/10441,k/StefanosKaxiras,44
37/10441,66/10033,16
37/10441,08/6044,4
37/10441,84/2225,4
37/10441,53/1682,4
37/10441,01/1397,4
37/10441,e/LievenEeckhout,68
37/10441,86/2160,8
37/10441,99/4678,12
37/10441,08/6937,4
147/1005,k/StefanosKaxiras,2
147/1005,66/10033,2
147/1005,08/6044,24
147/1005,84/2225,4
118/8964,08/6044,6
k/StefanosKaxiras,66/10033,32
k/StefanosKaxiras,e/LievenEeckhout,2
k/StefanosKaxiras,64/1248,2
146/9595,201/5063,10
146/9595,23/3778,2
146/9595,173/9808,14
146/9595,h/HenryHoffmann,4
146/9595,166/8752,4
201/5063,173/9808,30
201/5063,h/HenryHoffmann,8
201/5063,h/NikolaosHardavellas,4
201/5063,66/8277,2
23/3778,70/8398,2
23/3778,62/201,2
23/3778,85/5822,4
23/3778,33/65,42
23/3778,27/3820,2
23/3778,162/9999,4
23/3778,135/8203,4
23/3778,k/ChristoforosEKozyrakis,2
23/3778,44/11216,2
23/3778,157/2812,8
23/3778,j/NormanPJouppi,4
23/3778,m/SAMahlke,2
173/9808,h/HenryHoffmann,8
173/9808,21/4612,4
173/9808,18/1402,2
173/9808,h/NikolaosHardavellas,4
173/9808,46/2933-1,2
173/9808,80/1641,2
173/9808,56/9122,2
h/HenryHoffmann,42/7272,2
h/HenryHoffmann,49/4239,12
h/HenryHoffmann,233/5121,2
h/HenryHoffmann,14/3973,8
h/HenryHoffmann,39/2917,2
h/HenryHoffmann,71/5735,2
h/HenryHoffmann,47/1003,4
97/4181,18/2863,4
97/4181,30/135,6
97/4181,21/5583,4
97/4181,62/1421,2
97/4181,21/4612,22
97/4181,18/1402,2
97/4181,k/DavidRKaeli,2
97/4181,a/ToddMAustin,4
97/4181,j/NormanPJouppi,4
97/4181,79/1691,2
97/4181,15/3991,4
97/4181,99/2747-1,16
18/2863,70/8398,2
18/2863,159/0073,6
18/2863,30/135,10
18/2863,21/5583,2
18/2863,12/7785,2
18/2863,05/6204,10
18/2863,07/167,4
18/2863,88/2610,10
18/2863,62/201,2
18/2863,131/5131,10
18/2863,62/1421,12
18/2863,83/1613,6
18/2863,21/4612,160
70/8398,30/135,2
70/8398,05/6204,2
70/8398,62/1421,2
70/8398,21/4612,4
70/8398,j/LizyKurianJohn,2
70/8398,48/2905,4
70/8398,38/1130,10
70/8398,e/LievenEeckhout,16
70/8398,21/4866,6
70/8398,p/YaleNPatt,2
70/8398,87/6036,16
70/8398,25/4266,2
70/8398,99/4678,12
159/0073,161/0102-1,10
159/0073,60/6934,48
159/0073,193/7332,2
159/0073,49/5144,2
159/0073,p/YaleNPatt,2
159/0073,207/1837,8
30/135,21/5583,368
30/135,05/6204,10
30/135,88/2610,58
30/135,131/5131,2
30/135,62/1421,2
30/135,21/4612,30
30/135,53/1682,30
30/135,133/9941,22
30/135,02/8105,2
30/135,123/2646,2
30/135,53/7913,8
30/135,61/1146,8
30/135,168/5992,36
30/135,09/5657,2
30/135,26/9655,66
30/135,77/1117,34
30/135,62/1131,10
30/135,87/5027,4
30/135,162/9999,4
30/135,135/8203,66
30/135,306/3466,6
30/135,87/9432,54
30/135,21/4866,4
30/135,64/1248,4
30/135,39/2917,20
30/135,97/3763,6
21/5583,05/6204,2
21/5583,88/2610,52
21/5583,131/5131,2
21/5583,21/4612,10
21/5583,53/1682,20
21/5583,133/9941,16
21/5583,02/8105,2
21/5583,123/2646,2
21/5583,53/7913,4
21/5583,168/5992,24
21/5583,09/5657,2
21/5583,26/9655,42
21/5583,77/1117,12
21/5583,62/1131,10
21/5583,86/2160,4
21/5583,87/5027,4
21/5583,162/9999,4
21/5583,135/8203,56
21/5583,306/3466,6
21/5583,87/9432,54
21/5583,21/4866,4
21/5583,64/1248,4
21/5583,39/2917,20
21/5583,97/3763,2
12/7785,07/167,6
12/7785,21/4612,2
12/7785,j/LizyKurianJohn,16
05/6204,62/1421,6
05/6204,21/4612,10
05/6204,60/6934,6
05/6204,133/9941,2
05/6204,73/4692,10
05/6204,168/5992,2
05/6204,19/2658,4
05/6204,73/3514,2
07/167,21/4612,4
88/2610,131/5131,34
88/2610,21/4612,10
88/2610,44/8745,4
88/2610,18/1402,2
88/2610,02/8105,4
88/2610,203/0006,2
88/2610,123/2646,4
88/2610,a/TorMAamodt,2
88/2610,e/LievenEeckhout,2
88/2610,33/65,6
88/2610,53/7913,2
88/2610,168/5992,2
88/2610,09/5657,2
88/2610,26/9655,14
88/2610,77/1117,8
88/2610,62/1131,2
88/2610,46/353,4
88/2610,135/8203,2
88/2610,306/3466,28
88/2610,87/9432,10
88/2610,64/1248,4
88/2610,14/3973,4
88/2610,79/1691,4
88/2610,39/2917,10
88/2610,35/1464,2
88/2610,34/5178,2
88/2610,10/10980,4
62/201,21/4612,4
131/5131,21/4612,10
131/5131,18/1402,2
131/5131,02/8105,4
131/5131,a/TorMAamodt,2
131/5131,306/3466,50
131/5131,87/9432,2
131/5131,66/190-9,64
131/5131,44/11216,4
131/5131,79/1691,4
62/1421,21/4612,4
62/1421,l/JamesRLarus,2
62/1421,73/4692,34
62/1421,h/NikolaosHardavellas,6
62/1421,36/4172,2
62/1421,91/4347,2
83/1613,21/4612,6
83/1613,18/1402,6
83/1613,a/ToddMAustin,2
83/1613,27/3820,2
83/1613,26/9655,2
83/1613,56/4341,2
83/1613,m/TrevorNMudge,170
83/1613,41/1231,24
83/1613,20/4601,4
83/1613,131/5123,4
83/1613,14/3973,6
83/1613,35/1464,12
83/1613,m/SAMahlke,22
83/1613,127/9035,6
21/4612,06/5295,2
21/4612,91/1557,4
21/4612,a/ToddMAustin,2
21/4612,59/2715,2
21/4612,87/4706,2
21/4612,10/2904,2
21/4612,73/3514,2
44/8745,129/7647,10
44/8745,22/858,2
44/8745,115/5952,16
44/8745,58/11098,2
44/8745,161/0102-1,10
44/8745,18/1402,20
129/7647,86/2160,8
129/7647,38/7914,12
129/7647,64/1248,2
129/7647,j/NormanPJouppi,4
22/858,58/11098,50
22/858,53/7913,8
22/858,18/4038,6
22/858,46/652,6
22/858,83/5240,6
115/5952,161/0102-1,16
115/5952,18/1402,4
115/5952,02/8105,2
115/5952,83/5240,16
58/11098,j/LizyKurianJohn,2
58/11098,138/4166,2
58/11098,73/4692,2
58/11098,53/7913,4
58/11098,42/7272,2
58/11098,18/6801,2
58/11098,c/JasonCong,2
18/1402,79/2191,4
18/1402,115/6279,42
18/1402,a/TorMAamodt,2
18/1402,a/ToddMAustin,8
18/1402,168/5992,2
18/1402,m/TrevorNMudge,42
18/1402,46/353,2
18/1402,64/1248,6
18/1402,233/5121,2
18/1402,a/JungHoAhn,64
18/1402,191/7793-1,8
18/1402,04/3074,2
18/1402,56/9122,4
18/1402,83/5240,6
18/1402,73/3514,2
133/9875,79/2191,6
133/9875,k/DavidRKaeli,30
79/2191,k/DavidRKaeli,26
79/2191,115/6279,4
79/2191,02/8105,18
79/2191,a/TorMAamodt,8
79/2191,233/5121,16
79/2191,a/JungHoAhn,26
79/2191,h/NikolaosHardavellas,2
79/2191,10/2386,12
79/2191,04/2187,4
79/2191,83/5240,10
k/DavidRKaeli,67/1051,4
k/DavidRKaeli,j/LizyKurianJohn,6
k/DavidRKaeli,48/2905,2
k/DavidRKaeli,02/8105,2
k/DavidRKaeli,e/LievenEeckhout,4
k/DavidRKaeli,77/1117,4
k/DavidRKaeli,94/4067,2
k/DavidRKaeli,76/9083,8
k/DavidRKaeli,y/JunYang2,2
k/DavidRKaeli,10/2386,4
147/0999,91/3111,4
147/0999,159/0037,6
147/0999,85/6323,6
147/0999,115/6279,2
147/0999,67/1051,2
91/3111,85/6323,6
91/3111,89/6105,2
91/3111,91/1557,14
91/3111,04/9508,2
91/3111,87/6036,10
91/3111,46/2933-1,4
91/3111,36/4172,12
91/3111,23/7512,2
159/0037,y/JunYang2,18
85/6323,76/9083,6
85/6323,87/6036,10
85/6323,46/2933-1,2
85/6323,36/4172,4
85/6323,77/4185,2
67/1051,11/5956,4
67/1051,j/LizyKurianJohn,2
67/1051,60/6934,2
67/1051,46/353,4
67/1051,87/5027,2
67/1051,04/3074,2
11/5956,133/9941,2
11/5956,02/8105,4
11/5956,22/3969,36
11/5956,203/0006,16
11/5956,73/7116,2
11/5956,00/5672,6
j/LizyKurianJohn,e/LievenEeckhout,38
j/LizyKurianJohn,46/353,4
j/LizyKurianJohn,87/5027,6
j/LizyKurianJohn,36/134,12
j/LizyKurianJohn,49/5144,2
j/LizyKurianJohn,134/8720,2
j/LizyKurianJohn,10/2386,4
j/LizyKurianJohn,36/4172,2
j/LizyKurianJohn,68/1138,2
j/LizyKurianJohn,99/4678,4
j/LizyKurianJohn,127/3057,6
j/LizyKurianJohn,09/10702,6
272/8776,09/10702,14
99/4818,01/1397,8
99/4818,91/1557,4
99/4818,64/1248,6
99/4818,j/NormanPJouppi,2
99/4818,a/JungHoAhn,4
99/4818,66/8314,4
99/4818,p/YaleNPatt,4
99/4818,25/4266,2
99/4818,70/8170,2
08/6044,48/2905,2
08/6044,38/1130,8
08/6044,60/6934,2
08/6044,04/3696,2
08/6044,84/2225,30
08/6044,f/ManojFranklin,2
48/2905,04/3696,2
48/2905,j/NormanPJouppi,2
48/2905,46/2933-1,4
48/2905,181/2697,2
38/1130,84/2225,6
38/1130,t/DeanMTullsen,2
38/1130,78/50,2
38/1130,87/9432,2
38/1130,21/4866,6
38/1130,79/1691,10
38/1130,87/6036,2
60/6934,e/LievenEeckhout,2
60/6934,193/7332,2
60/6934,168/5992,4
60/6934,09/5657,4
60/6934,87/5027,4
60/6934,49/5144,2
60/6934,134/8720,2
60/6934,p/YaleNPatt,24
60/6934,207/1837,34
04/3696,f/ManojFranklin,2
04/3696,a/ToddMAustin,2
04/3696,m/TrevorNMudge,2
04/3696,78/50,4
04/3696,21/4866,2
04/3696,79/1691,2
84/2225,99/4678,4
f/ManojFranklin,94/4067,2
f/ManojFranklin,y/DonaldYeung,2
330/5064,191/7792,4
330/5064,53/1682,2
191/7792,56/9122,2
53/1682,168/5992,10
53/1682,26/9655,14
53/1682,77/1117,6
53/1682,135/8203,6
06/5295,85/5822,14
06/5295,29/3950,18
06/5295,l/JamesRLarus,6
06/5295,22/3969,2
06/5295,m/TrevorNMudge,2
06/5295,k/ChristoforosEKozyrakis,4
06/5295,c/JasonCong,2
06/5295,a/KrsteAsanovic,4
06/5295,14/3973,2
06/5295,33/3960,10
06/5295,71/5735,2
06/5295,p/YaleNPatt,2
06/5295,64/992,2
06/5295,m/SAMahlke,2
85/5822,29/3950,14
85/5822,l/JamesRLarus,6
29/3950,l/JamesRLarus,6
29/3950,77/1117,2
29/3950,33/3960,22
29/3950,36/3251,2
29/3950,181/2820-73,4
29/3950,04/2187,2
l/JamesRLarus,k/ChristoforosEKozyrakis,4
133/9941,22/3969,4
133/9941,00/5672,2
133/9941,135/8203,14
133/9941,a/KrsteAsanovic,22
133/9941,131/5123,2
133/9941,39/7863,2
133/9941,52/10063,16
02/8105,a/TorMAamodt,2
02/8105,168/5992,2
02/8105,09/5657,2
02/8105,52/10063,6
02/8105,a/JungHoAhn,24
02/8105,04/2187,2
22/3969,203/0006,20
22/3969,73/7116,6
22/3969,00/5672,14
22/3969,162/9999,10
22/3969,131/5123,2
22/3969,39/7863,2
22/3969,137/0590,4
22/3969,14/3973,4
22/3969,52/10063,4
203/0006,73/7116,2
73/7116,09/5657,8
73/7116,14/3973,26
00/5672,18/6801,2
00/5672,52/10063,2
138/4166,123/2646,2
138/4166,62/1131,2
138/4166,34/5178,4
138/4166,173/9798,4
123/2646,62/1131,2
123/2646,87/9432,12
123/2646,59/2715,4
123/2646,34/5178,2
123/2646,173/9798,2
a/TorMAamodt,73/4692,4
a/TorMAamodt,04/9508,26
a/TorMAamodt,h/NikolaosHardavellas,2
a/TorMAamodt,09/9299,6
76/11029,t/DeanMTullsen,32
t/DeanMTullsen,a/ToddMAustin,2
t/DeanMTullsen,46/353,4
t/DeanMTullsen,87/5027,4
t/DeanMTullsen,21/4866,2
t/DeanMTullsen,11/2192,2
t/DeanMTullsen,j/NormanPJouppi,24
t/DeanMTullsen,a/JungHoAhn,8
t/DeanMTullsen,86/2654,2
t/DeanMTullsen,66/8314,2
t/DeanMTullsen,76/1857-1,8
t/DeanMTullsen,35/1464,8
t/DeanMTullsen,s/TajanaSimunic,8
01/1397,71/2760,2
01/1397,89/6105,2
01/1397,e/LievenEeckhout,2
01/1397,91/1557,2
89/6105,33/65,2
89/6105,46/2933-1,2
e/LievenEeckhout,62/1131,4
e/LievenEeckhout,c/JasonCong,2
e/LievenEeckhout,44/11216,2
e/LievenEeckhout,87/4706,2
e/LievenEeckhout,99/4678,90
e/LievenEeckhout,88/2818,22
91/1557,a/ToddMAustin,2
91/1557,77/1117,2
91/1557,m/SAMahlke,2
91/1557,87/4706,2
91/1557,87/6036,4
91/1557,10/10980,2
91/1557,99/2747-1,2
199/7171,193/7332,40
a/ToddMAustin,33/65,14
a/ToddMAustin,m/TrevorNMudge,28
a/ToddMAustin,135/8203,4
a/ToddMAustin,41/1231,10
a/ToddMAustin,52/10063,8
a/ToddMAustin,m/SAMahlke,14
a/ToddMAustin,23/3943,4
33/65,a/KrsteAsanovic,4
33/65,46/652,2
33/65,06/6147-2,4
27/3820,11/2192,2
27/3820,41/1231,24
27/3820,m/SAMahlke,8
27/3820,138/4146,6
53/7913,61/1146,6
53/7913,168/5992,6
53/7913,26/9655,14
53/7913,77/1117,4
61/1146,168/5992,10
61/1146,09/5657,4
61/1146,26/9655,10
61/1146,77/1117,4
168/5992,09/5657,24
168/5992,26/9655,40
168/5992,77/1117,12
168/5992,m/TrevorNMudge,2
168/5992,135/8203,16
168/5992,52/10063,2
168/5992,y/JunYang2,6
168/5992,m/SAMahlke,2
168/5992,77/4185,2
09/5657,26/9655,4
09/5657,135/8203,2
09/5657,69/9942,10
09/5657,20/4601,4
09/5657,39/7863,2
09/5657,14/3973,46
09/5657,a/JungHoAhn,12
09/5657,87/4706,2
09/5657,46/652,2
26/9655,77/1117,26
26/9655,m/TrevorNMudge,10
26/9655,87/5027,6
26/9655,18/6801,4
26/9655,38/7914,4
26/9655,162/9999,12
26/9655,135/8203,14
26/9655,64/1248,4
26/9655,59/2715,2
26/9655,k/ChristoforosEKozyrakis,12
77/1117,135/8203,10
77/1117,64/1248,4
77/1117,36/3251,2
77/1117,181/2820-73,4
77/1117,39/2917,2
77/1117,66/8314,2
77/1117,m/SAMahlke,2
77/1117,s/MaryLouSoffa,10
56/4341,m/TrevorNMudge,2
56/4341,62/1131,2
m/TrevorNMudge,94/4067,22
m/TrevorNMudge,41/1231,16
m/TrevorNMudge,35/1464,10
m/TrevorNMudge,m/SAMahlke,64
62/1131,39/2917,14
62/1131,34/5178,2
62/1131,173/9798,2
78/50,18/4038,6
78/50,46/4377,2
18/4038,178/3219,8
18/4038,46/652,2
18/4038,261/1987,4
46/4377,33/3960,2
46/4377,h/NikolaosHardavellas,6
46/4377,15/3991,4
46/4377,83/5240,2
04/9508,h/NikolaosHardavellas,2
86/2160,33/3960,2
86/2160,10/2904,2
46/353,87/5027,14
87/5027,69/9942,2
87/5027,68/1138,2
87/5027,10/10980,2
42/7272,18/6801,16
42/7272,49/4239,4
18/6801,38/7914,4
18/6801,162/9999,4
38/7914,162/9999,4
162/9999,135/8203,12
162/9999,k/ChristoforosEKozyrakis,4
162/9999,c/JasonCong,4
135/8203,306/3466,4
135/8203,87/9432,8
306/3466,87/9432,30
306/3466,44/11216,4
94/4067,y/DonaldYeung,12
21/4866,118/7680,4
21/4866,79/1691,20
118/7680,84/2198,38
84/2198,86/903,14
64/1248,j/NormanPJouppi,18
k/ChristoforosEKozyrakis,69/9942,44
k/ChristoforosEKozyrakis,231/2271,28
k/ChristoforosEKozyrakis,a/KrsteAsanovic,8
k/ChristoforosEKozyrakis,j/NormanPJouppi,4
k/ChristoforosEKozyrakis,33/3960,4
k/ChristoforosEKozyrakis,a/JungHoAhn,12
k/ChristoforosEKozyrakis,42/5189,2
c/JasonCong,87/4706,2
c/JasonCong,80/1641,4
76/9083,85/2308,8
66/190-9,44/11216,4
11/2192,j/NormanPJouppi,6
11/2192,66/8314,4
11/2192,s/TajanaSimunic,2
11/2192,80/1641,2
41/1231,m/SAMahlke,24
41/1231,127/9035,12
69/9942,231/2271,4
231/2271,42/5189,2
a/KrsteAsanovic,20/4601,26
a/KrsteAsanovic,233/5121,12
a/KrsteAsanovic,95/7061,22
a/KrsteAsanovic,14/3973,6
a/KrsteAsanovic,33/3960,6
a/KrsteAsanovic,23/3943,6
a/KrsteAsanovic,138/4146,2
a/KrsteAsanovic,06/6147-2,14
20/4601,49/4239,2
20/4601,131/5123,20
20/4601,39/7863,14
20/4601,233/5121,2
20/4601,95/7061,6
20/4601,157/2812,2
49/4239,233/5121,2
49/4239,157/2812,30
131/5123,39/7863,8
131/5123,52/10063,2
39/7863,52/10063,2
233/5121,14/3973,4
233/5121,a/JungHoAhn,24
233/5121,m/SAMahlke,4
233/5121,34/5178,4
233/5121,04/2187,8
233/5121,23/3943,4
233/5121,s/MaryLouSoffa,2
233/5121,04/7001,2
95/7061,71/5735,2
137/0590,87/4706,2
137/0590,15/3991,2
14/3973,46/652,2
j/NormanPJouppi,a/JungHoAhn,72
j/NormanPJouppi,66/8314,6
j/NormanPJouppi,p/YaleNPatt,2
33/3960,h/NikolaosHardavellas,4
33/3960,04/2187,14
a/JungHoAhn,66/8314,8
a/JungHoAhn,04/2187,8
42/5189,80/1641,24
42/5189,28/273,2
49/5144,p/YaleNPatt,28
36/3251,181/2820-73,4
181/2820-73,80/1641,8
181/2820-73,52/5615,2
86/2654,p/DmitryVPonomarev,84
86/2654,56/9122,4
86/2654,181/2697,10
h/NikolaosHardavellas,39/2917,18
h/NikolaosHardavellas,10/2386,10
h/NikolaosHardavellas,04/2187,10
h/NikolaosHardavellas,m/SedaOgrenciMemik,8
145/9497,44/9607-1,6
39/2917,97/3763,4
y/JunYang2,i/EnginIpek,2
y/JunYang2,80/1641,8
10/2386,m/SedaOgrenciMemik,32
66/8314,s/TajanaSimunic,6
66/8314,138/4146,2
35/1464,m/SAMahlke,8
35/1464,10/10980,2
35/1464,s/MaryLouSoffa,14
s/TajanaSimunic,99/2747-1,2
s/TajanaSimunic,261/1987,4
71/5735,46/2933-1,4
71/5735,47/1003,24
64/992,m/SAMahlke,2
64/992,68/1138,2
m/SAMahlke,127/9035,12
34/5178,173/9798,2
173/9798,46/652,2
191/7793-1,04/3074,2
04/3074,99/2747-1,2
77/277,01/2416,6
77/277,19/2658,8
77/277,73/3514,2
87/4706,46/652,2
87/4706,15/3991,2
87/4706,31/6601-1,2
87/4706,66/8277,36
87/4706,08/6937,2
46/652,83/5240,2
46/652,168/1953,18
04/2187,62/852,8
87/6036,46/2933-1,8
87/6036,18/9796,6
46/2933-1,36/4172,2
46/2933-1,80/1641,2
36/4172,23/7512,4
36/4172,181/2697,2
80/1641,25/4266,4
68/1138,10/10980,2
68/1138,47/1003,2
68/1138,25/4266,46
56/9122,19/2658,2
47/1003,25/4266,2
s/MaryLouSoffa,181/2697,96
138/4146,20/9131,2
52/5615,96/5203,2
181/2697,65/280,4
